{
	"easycom": {
		"^u-(.*)": "uview-ui/components/u-$1/u-$1.vue"
	},

	"pages": [ //pages数组中第一项表示应用启动页，参考：https://uniapp.dcloud.io/collocation/pages

		{
			"path": "pages/classify/classify",
			"style": {
				"navigationBarTitleText": "瓷器分类"
			}
		},
		{
			"path": "pages/introduce/introduce",
			"style": {
				// "navigationStyle": "custom",
				// "navigationBarTextStyle": "white",
				"navigationBarTitleText": "关于瓷器的介绍"
			}
		},
		{
			"path": "pages/login/login",
			"style": {
				// "navigationBarTitleText": "uni-app"
				// "navigationBarTitleText": "支付",
				"app-plus": {
					"titleNView": {
						"backgroundImage": "linear-gradient(to right, #FFDE28,#FF3228)"
					}
				}
			}
		},
		{
			"path": "pages/register/register",
			"style": {
				// "navigationBarTitleText": "uni-app"
			}
		},
		{
			"path": "pages/firstPage/firstPage",
			"style": {
				// "navigationBarTitleText": "uni-app",
				"navigationStyle": "custom",
				"app-plus": {
					"titleNView": false //去掉app+h5顶部导航
				}
			}
		},
		{
			"path": "pages/index/index",
			"style": {
				"navigationBarTitleText": "uni-app"
			}
		},
		{
			"path": "pages/tphoto/tphoto",
			"style": {
				"navigationBarTitleText": "瓷器检索",
				"backgroundColor": "#000000"
			}
		},
		{
			"path": "pages/talk/talk",
			"style": {
				"navigationBarTitleText": "讨论"
			}
		},
		{
			"path": "pages/talk-in/talk-in",
			"style": {
				"navigationBarTitleText": "讨论"
			}
		},
		{
			"path": "pages/user/user",
			"style": {
				"navigationBarTitleText": "个人中心"
			}
		}
	],
	"globalStyle": {
		"navigationBarTextStyle": "white",
		"navigationBarTitleText": "瓷器检索与科普",
		"navigationBarBackgroundColor": "#916f58"
		// "backgroundColor": "#F8F8F8"
	},
	"tabBar": {
		"selectedColor": "#d3a180",
		"color": "#ccc",
		"list": [{
				"text": "分类",
				"pagePath": "pages/classify/classify",
				"iconPath": "static/icon/classify.png",
				"selectedIconPath": "static/icon/classify_y.png"
			},
			{
				"text": "检索",
				"pagePath": "pages/tphoto/tphoto",
				"iconPath": "static/icon/tphoto.png",
				"selectedIconPath": "static/icon/tphoto_y.png"
			},
			{
				"text": "讨论",
				"pagePath": "pages/talk/talk",
				"iconPath": "static/icon/talk.png",
				"selectedIconPath": "static/icon/talk_y.png"
			},
			{
				"text": "我的",
				"pagePath": "pages/user/user",
				"iconPath": "static/icon/user.png",
				"selectedIconPath": "static/icon/user_y.png"
			}
		]
	},
	"condition": { //模式配置，仅开发期间生效
		"current": 0, //当前激活的模式(list 的索引项)
		"list": [{
			"name": "", //模式名称
			"path": "pages/register/register", //启动页面，必选
			"query": "" //启动参数，在页面的onLoad函数里面得到
		}]
	}

}
